{"meta":{"title":"6yuwei","subtitle":"","description":"","author":"6yuwei","url":"https://blog.6yuwei.com","root":"/"},"pages":[],"posts":[{"title":"網頁導引神器Shepherd.js","updated":"2022-02-27T17:34:20.442Z","date":"2022-02-05T18:38:45.000Z","permalink":"https://blog.6yuwei.com/2022/02/06/5/","excerpt":"我們在玩手機遊戲時，應該多少都有看過第一次遊玩時，一步一步教我們要點哪裡的那種導引功能吧！這次要來介紹的套件就是讓網頁能夠快速、簡易的加上這個功能的Shepherd.js套件！ Demo專案(登入後查看效果)官方Demo"},{"title":"從設計系畢業到入職前端工程師(下)","updated":"2022-02-23T14:39:10.028Z","date":"2022-02-05T18:23:07.000Z","permalink":"https://blog.6yuwei.com/2022/02/06/4/","excerpt":"這篇文章是這個系列的下集，還沒有看過上一篇的朋友可以參考：這裡面試當線上課程學習到一定程度以及個人作品的累積了幾個完整的作品後，我便開始了一連串的找工作行程，不過由於這時的我還沒有經驗，所以收到的面試通知並不多，我就抱持著盡量努力嘗試的想法，開始了這些面試之旅！"},{"title":"從設計系畢業到入職前端工程師(上)","updated":"2022-02-23T14:39:10.028Z","date":"2022-02-05T18:14:30.000Z","permalink":"https://blog.6yuwei.com/2022/02/06/3/","excerpt":"入行前端工程師到現在差不多一年左右，雖然還很菜，但是由於我是設計相關科系畢業後跨領域成為工程師的，應該可以給一些準備轉職的設計師或是設計科系的學生前端經驗的分享，但是由於我是台中人暫時沒有誇縣市找工作的打算，所以這些經驗分享主要都是以台中為主喔！"},{"title":"前端常用按鈕特效合輯","updated":"2022-02-07T13:30:12.298Z","date":"2022-02-05T18:06:37.000Z","permalink":"https://blog.6yuwei.com/2022/02/06/2/","excerpt":"前端工程師在職場上常常會使用各種不同的按鈕特效，為了方便自己在工作時能迅速地套用，所以整理出一些常用的按鈕特效，也歡迎大家使用我撰寫的這些按鈕程式碼！ ※文章內的特效按鈕皆使用scss 漸層淡入按鈕 See the Pen btn-1 by 劉育瑋 (@ecrjurxl) on CodePen."},{"title":"前端常用scss整理","updated":"2022-02-07T13:30:12.298Z","date":"2022-02-05T16:13:18.000Z","permalink":"https://blog.6yuwei.com/2022/02/06/1/","excerpt":"索引 RWD 置中 淡入淡出 樣式變數"},{"title":"使用Three.js載入外部模型及貼圖","updated":"2022-02-23T14:39:10.028Z","date":"2022-02-05T15:57:10.000Z","permalink":"https://blog.6yuwei.com/2022/02/05/4/","excerpt":"Three.js有很多種載入模型的方式，在本文中使用的是筆者常用的載入方式，若有更好的方式歡迎留言建議。在Three.js官方文件中有提到，建議使用.gltf格式的3D模型來進行外部模型的載入，可以得到更好的支援性及速度，所以若要載入的模型並非.gltf格式的檔案建議可以使用Blender來進行模型的製作以及模型的轉換(使用3D軟體轉換比較能夠確保轉出的結果接近自己想要的樣子，本文介紹主要以Blender為主，其他支援的3D軟體可以參考官方文件)，再由Three.js的載入器將模型載入。"},{"title":"輕巧實用的圖表套件Chart.js","updated":"2022-02-23T14:39:10.028Z","date":"2022-02-05T15:00:24.000Z","permalink":"https://blog.6yuwei.com/2022/02/05/3/","excerpt":"Chart.js是一款輕巧但又包含了豐富內容的圖表套件，它可以幫助我們快速的製作出各種美觀的圖表，種類包含了折線圖(Line Chart)、圓餅圖(Pie Chart)、甜甜圈圖(Doughnut Chart)、雷達圖(Radar Chart)等多種圖形，並且每種圖形都提供了高度的客製化功能，滿足各種不同需求，在這裡介紹快速上手的方法，若想知道更多關於Chart.js可以做到的事情可以看看他們的官方文件"},{"title":"React與ReactDOM的區別","updated":"2022-02-07T13:30:12.293Z","date":"2022-02-05T14:39:14.000Z","permalink":"https://blog.6yuwei.com/2022/02/05/2/","excerpt":""},{"title":"開始寫部落格啦！","updated":"2022-02-23T14:39:10.068Z","date":"2022-02-05T14:30:16.000Z","permalink":"https://blog.6yuwei.com/2022/02/05/1/","excerpt":""}],"categories":[],"tags":[]}